<Ui>
	<!-- All Rights Reserved -->
    <Button name="BagnonMenuButtonTemplate" virtual="true">
		<Size x="20" y="20"/>
		<HighlightTexture file="Interface\Buttons\ButtonHilight-Square" alphaMode="ADD"/>
		<PushedTexture file="Interface\Buttons\UI-Quickslot-Depress"/>
		<NormalTexture file="Interface\Buttons\UI-Quickslot2">
			<Size x="34" y="34"/>
			<Anchors>
				<Anchor point="CENTER" x="0" y="0"/>
			</Anchors>
		</NormalTexture>
		<Layers>
			<Layer level="BACKGROUND" textureSubLevel="0">
				<Texture parentKey="Bg">
					<Color r="0" g="0" b="0"/>
				</Texture>
			</Layer>
			<Layer level="BACKGROUND" textureSubLevel="1">
				<Texture parentKey="Icon"/>
			</Layer>
		</Layers>
	</Button>
	<CheckButton name="BagnonMenuCheckButtonTemplate" inherits="BagnonMenuButtonTemplate" virtual="true">
		<CheckedTexture file="Interface\Buttons\CheckButtonHilight" alphaMode="ADD"/>
	</CheckButton>

	<Button name="BagnonOwnerSelectorTemplate" inherits="BagnonMenuButtonTemplate" virtual="true"/>
	<CheckButton name="BagnonSortButtonTemplate" inherits="BagnonMenuCheckButtonTemplate" virtual="true">
		<Scripts>
			<OnLoad>
				self.Icon:SetTexture('Interface/Addons/BagBrother/Art/Broom')
			</OnLoad>
		</Scripts>
	</CheckButton>
	<CheckButton name="BagnonBagToggleTemplate" inherits="BagnonMenuCheckButtonTemplate" virtual="true">
		<Scripts>
			<OnLoad>
				self.Icon:SetTexture(130716)
			</OnLoad>
		</Scripts>
	</CheckButton>
	<Button name="BagnonDepositButtonTemplate" inherits="BagnonMenuButtonTemplate" virtual="true">
		<Scripts>
			<OnLoad>
				self.Icon:SetTexture(1455684)
				self.Icon:SetTexCoord(0, 1, 1, 0)
			</OnLoad>
		</Scripts>
	</Button>

	<Frame name="BagnonDialogSkinTemplate" inherits="DialogBorderNoCenterTemplate" virtual="true">
		<Layers>
			<Layer level="BACKGROUND" textureSubLevel="-5">
				<Texture parentKey="Center">
					<Anchors>
						<Anchor point="TOPRIGHT" x="-7" y="-7"/>
						<Anchor point="BOTTOMLEFT" x="7" y="7"/>
					</Anchors>
					<Color r="1" g="1" b="1" a="1"/>
				</Texture>
			</Layer>
		</Layers>
	</Frame>
	<Frame name="BagnonInsetSkinTemplate" inherits="InsetFrameTemplate2" virtual="true">
		<Layers>
			<Layer level="BACKGROUND" textureSubLevel="-5">
				<Texture parentKey="Center">
					<Anchors>
						<Anchor point="TOPRIGHT" x="-1" y="-1"/>
						<Anchor point="BOTTOMLEFT" x="1" y="1"/>
					</Anchors>
					<Color r="1" g="1" b="1" a="1"/>
				</Texture>
			</Layer>
		</Layers>
	</Frame>
	<Frame name="BagnonOnePixelTemplate" virtual="true">
		<Layers>
			<Layer level="BACKGROUND">
				<Texture parentKey="Center">
					<Anchors>
						<Anchor point="TOPRIGHT" x="-1" y="-1"/>
						<Anchor point="BOTTOMLEFT" x="1" y="1"/>
					</Anchors>
					<Color r="1" g="1" b="1" a="1"/>
				</Texture>		
			</Layer>
			<Layer level="BORDER">
				<Texture parentKey="TopEdge">
					<Anchors>
						<Anchor point="TOPLEFT"/>
						<Anchor point="TOPRIGHT"/>
					</Anchors>
					<Color r="1" g="1" b="1" a="1"/>
					<Size x="1" y="1"/>
				</Texture>
				<Texture parentKey="LeftEdge">
					<Anchors>
						<Anchor point="TOPLEFT"/>
						<Anchor point="BOTTOMLEFT"/>
					</Anchors>
					<Color r="1" g="1" b="1" a="1"/>
					<Size x="1" y="1"/>
				</Texture>
				<Texture parentKey="RightEdge">
					<Anchors>
						<Anchor point="TOPRIGHT"/>
						<Anchor point="BOTTOMRIGHT"/>
					</Anchors>
					<Color r="1" g="1" b="1" a="1"/>
					<Size x="1" y="1"/>
				</Texture>
				<Texture parentKey="BottomEdge">
					<Anchors>
						<Anchor point="BOTTOMLEFT"/>
						<Anchor point="BOTTOMRIGHT"/>
					</Anchors>
					<Color r="1" g="1" b="1" a="1"/>
					<Size x="1" y="1"/>
				</Texture>
			</Layer>
		</Layers>
	</Frame>
</Ui>
