<Bindings>
	<Binding name="BTTOGGLEACTIONBARLOCK" category="Bartender4 ">
		if InCombatLockdown() then
			print("Cannot change the button lock during combat.")
			return
		end
		Bartender4.db.profile.buttonlock = not Bartender4.db.profile.buttonlock
		Bartender4.Bar:ForAll("ForAll", "SetAttribute", "buttonlock", Bartender4.db.profile.buttonlock)
	</Binding>
	<Binding name="CLICK BT4Button1:Keybind" header="BT4BLANK1" category="Bartender4 "/>
	<Binding name="CLICK BT4Button2:Keybind" category="Bartender4 "/>
	<Binding name="CLICK BT4Button3:Keybind" category="Bartender4 "/>
	<Binding name="CLICK BT4Button4:Keybind" category="Bartender4 "/>
	<Binding name="CLICK BT4Button5:Keybind" category="Bartender4 "/>
	<Binding name="CLICK BT4Button6:Keybind" category="Bartender4 "/>
	<Binding name="CLICK BT4Button7:Keybind" category="Bartender4 "/>
	<Binding name="CLICK BT4Button8:Keybind" category="Bartender4 "/>
	<Binding name="CLICK BT4Button9:Keybind" category="Bartender4 "/>
	<Binding name="CLICK BT4Button10:Keybind" category="Bartender4 "/>
	<Binding name="CLICK BT4Button11:Keybind" category="Bartender4 "/>
	<Binding name="CLICK BT4Button12:Keybind" category="Bartender4 "/>
	<Binding name="CLICK BT4Button61:Keybind" header="BT4BLANK6" category="Bartender4 "/>
	<Binding name="CLICK BT4Button62:Keybind" category="Bartender4 "/>
	<Binding name="CLICK BT4Button63:Keybind" category="Bartender4 "/>
	<Binding name="CLICK BT4Button64:Keybind" category="Bartender4 "/>
	<Binding name="CLICK BT4Button65:Keybind" category="Bartender4 "/>
	<Binding name="CLICK BT4Button66:Keybind" category="Bartender4 "/>
	<Binding name="CLICK BT4Button67:Keybind" category="Bartender4 "/>
	<Binding name="CLICK BT4Button68:Keybind" category="Bartender4 "/>
	<Binding name="CLICK BT4Button69:Keybind" category="Bartender4 "/>
	<Binding name="CLICK BT4Button70:Keybind" category="Bartender4 "/>
	<Binding name="CLICK BT4Button71:Keybind" category="Bartender4 "/>
	<Binding name="CLICK BT4Button72:Keybind" category="Bartender4 "/>
	<Binding name="CLICK BT4Button49:Keybind" header="BT4BLANK5" category="Bartender4 "/>
	<Binding name="CLICK BT4Button50:Keybind" category="Bartender4 "/>
	<Binding name="CLICK BT4Button51:Keybind" category="Bartender4 "/>
	<Binding name="CLICK BT4Button52:Keybind" category="Bartender4 "/>
	<Binding name="CLICK BT4Button53:Keybind" category="Bartender4 "/>
	<Binding name="CLICK BT4Button54:Keybind" category="Bartender4 "/>
	<Binding name="CLICK BT4Button55:Keybind" category="Bartender4 "/>
	<Binding name="CLICK BT4Button56:Keybind" category="Bartender4 "/>
	<Binding name="CLICK BT4Button57:Keybind" category="Bartender4 "/>
	<Binding name="CLICK BT4Button58:Keybind" category="Bartender4 "/>
	<Binding name="CLICK BT4Button59:Keybind" category="Bartender4 "/>
	<Binding name="CLICK BT4Button60:Keybind" category="Bartender4 "/>
	<Binding name="CLICK BT4Button25:Keybind" header="BT4BLANK3" category="Bartender4 "/>
	<Binding name="CLICK BT4Button26:Keybind" category="Bartender4 "/>
	<Binding name="CLICK BT4Button27:Keybind" category="Bartender4 "/>
	<Binding name="CLICK BT4Button28:Keybind" category="Bartender4 "/>
	<Binding name="CLICK BT4Button29:Keybind" category="Bartender4 "/>
	<Binding name="CLICK BT4Button30:Keybind" category="Bartender4 "/>
	<Binding name="CLICK BT4Button31:Keybind" category="Bartender4 "/>
	<Binding name="CLICK BT4Button32:Keybind" category="Bartender4 "/>
	<Binding name="CLICK BT4Button33:Keybind" category="Bartender4 "/>
	<Binding name="CLICK BT4Button34:Keybind" category="Bartender4 "/>
	<Binding name="CLICK BT4Button35:Keybind" category="Bartender4 "/>
	<Binding name="CLICK BT4Button36:Keybind" category="Bartender4 "/>
	<Binding name="CLICK BT4Button37:Keybind" header="BT4BLANK4" category="Bartender4 "/>
	<Binding name="CLICK BT4Button38:Keybind" category="Bartender4 "/>
	<Binding name="CLICK BT4Button39:Keybind" category="Bartender4 "/>
	<Binding name="CLICK BT4Button40:Keybind" category="Bartender4 "/>
	<Binding name="CLICK BT4Button41:Keybind" category="Bartender4 "/>
	<Binding name="CLICK BT4Button42:Keybind" category="Bartender4 "/>
	<Binding name="CLICK BT4Button43:Keybind" category="Bartender4 "/>
	<Binding name="CLICK BT4Button44:Keybind" category="Bartender4 "/>
	<Binding name="CLICK BT4Button45:Keybind" category="Bartender4 "/>
	<Binding name="CLICK BT4Button46:Keybind" category="Bartender4 "/>
	<Binding name="CLICK BT4Button47:Keybind" category="Bartender4 "/>
	<Binding name="CLICK BT4Button48:Keybind" category="Bartender4 "/>
	<Binding name="CLICK BT4Button145:Keybind" header="BT4BLANK13" category="Bartender4 "/>
	<Binding name="CLICK BT4Button146:Keybind" category="Bartender4 "/>
	<Binding name="CLICK BT4Button147:Keybind" category="Bartender4 "/>
	<Binding name="CLICK BT4Button148:Keybind" category="Bartender4 "/>
	<Binding name="CLICK BT4Button149:Keybind" category="Bartender4 "/>
	<Binding name="CLICK BT4Button150:Keybind" category="Bartender4 "/>
	<Binding name="CLICK BT4Button151:Keybind" category="Bartender4 "/>
	<Binding name="CLICK BT4Button152:Keybind" category="Bartender4 "/>
	<Binding name="CLICK BT4Button153:Keybind" category="Bartender4 "/>
	<Binding name="CLICK BT4Button154:Keybind" category="Bartender4 "/>
	<Binding name="CLICK BT4Button155:Keybind" category="Bartender4 "/>
	<Binding name="CLICK BT4Button156:Keybind" category="Bartender4 "/>
	<Binding name="CLICK BT4Button157:Keybind" header="BT4BLANK14" category="Bartender4 "/>
	<Binding name="CLICK BT4Button158:Keybind" category="Bartender4 "/>
	<Binding name="CLICK BT4Button159:Keybind" category="Bartender4 "/>
	<Binding name="CLICK BT4Button160:Keybind" category="Bartender4 "/>
	<Binding name="CLICK BT4Button161:Keybind" category="Bartender4 "/>
	<Binding name="CLICK BT4Button162:Keybind" category="Bartender4 "/>
	<Binding name="CLICK BT4Button163:Keybind" category="Bartender4 "/>
	<Binding name="CLICK BT4Button164:Keybind" category="Bartender4 "/>
	<Binding name="CLICK BT4Button165:Keybind" category="Bartender4 "/>
	<Binding name="CLICK BT4Button166:Keybind" category="Bartender4 "/>
	<Binding name="CLICK BT4Button167:Keybind" category="Bartender4 "/>
	<Binding name="CLICK BT4Button168:Keybind" category="Bartender4 "/>
	<Binding name="CLICK BT4Button169:Keybind" header="BT4BLANK15" category="Bartender4 "/>
	<Binding name="CLICK BT4Button170:Keybind" category="Bartender4 "/>
	<Binding name="CLICK BT4Button171:Keybind" category="Bartender4 "/>
	<Binding name="CLICK BT4Button172:Keybind" category="Bartender4 "/>
	<Binding name="CLICK BT4Button173:Keybind" category="Bartender4 "/>
	<Binding name="CLICK BT4Button174:Keybind" category="Bartender4 "/>
	<Binding name="CLICK BT4Button175:Keybind" category="Bartender4 "/>
	<Binding name="CLICK BT4Button176:Keybind" category="Bartender4 "/>
	<Binding name="CLICK BT4Button177:Keybind" category="Bartender4 "/>
	<Binding name="CLICK BT4Button178:Keybind" category="Bartender4 "/>
	<Binding name="CLICK BT4Button179:Keybind" category="Bartender4 "/>
	<Binding name="CLICK BT4Button180:Keybind" category="Bartender4 "/>
	<Binding name="CLICK BT4Button13:Keybind" header="BT4BLANK2" category="Bartender4 "/>
	<Binding name="CLICK BT4Button14:Keybind" category="Bartender4 "/>
	<Binding name="CLICK BT4Button15:Keybind" category="Bartender4 "/>
	<Binding name="CLICK BT4Button16:Keybind" category="Bartender4 "/>
	<Binding name="CLICK BT4Button17:Keybind" category="Bartender4 "/>
	<Binding name="CLICK BT4Button18:Keybind" category="Bartender4 "/>
	<Binding name="CLICK BT4Button19:Keybind" category="Bartender4 "/>
	<Binding name="CLICK BT4Button20:Keybind" category="Bartender4 "/>
	<Binding name="CLICK BT4Button21:Keybind" category="Bartender4 "/>
	<Binding name="CLICK BT4Button22:Keybind" category="Bartender4 "/>
	<Binding name="CLICK BT4Button23:Keybind" category="Bartender4 "/>
	<Binding name="CLICK BT4Button24:Keybind" category="Bartender4 "/>
	<Binding name="CLICK BT4Button73:Keybind" header="BT4BLANK7" category="Bartender4 "/>
	<Binding name="CLICK BT4Button74:Keybind" category="Bartender4 "/>
	<Binding name="CLICK BT4Button75:Keybind" category="Bartender4 "/>
	<Binding name="CLICK BT4Button76:Keybind" category="Bartender4 "/>
	<Binding name="CLICK BT4Button77:Keybind" category="Bartender4 "/>
	<Binding name="CLICK BT4Button78:Keybind" category="Bartender4 "/>
	<Binding name="CLICK BT4Button79:Keybind" category="Bartender4 "/>
	<Binding name="CLICK BT4Button80:Keybind" category="Bartender4 "/>
	<Binding name="CLICK BT4Button81:Keybind" category="Bartender4 "/>
	<Binding name="CLICK BT4Button82:Keybind" category="Bartender4 "/>
	<Binding name="CLICK BT4Button83:Keybind" category="Bartender4 "/>
	<Binding name="CLICK BT4Button84:Keybind" category="Bartender4 "/>
	<Binding name="CLICK BT4Button85:Keybind" header="BT4BLANK8" category="Bartender4 "/>
	<Binding name="CLICK BT4Button86:Keybind" category="Bartender4 "/>
	<Binding name="CLICK BT4Button87:Keybind" category="Bartender4 "/>
	<Binding name="CLICK BT4Button88:Keybind" category="Bartender4 "/>
	<Binding name="CLICK BT4Button89:Keybind" category="Bartender4 "/>
	<Binding name="CLICK BT4Button90:Keybind" category="Bartender4 "/>
	<Binding name="CLICK BT4Button91:Keybind" category="Bartender4 "/>
	<Binding name="CLICK BT4Button92:Keybind" category="Bartender4 "/>
	<Binding name="CLICK BT4Button93:Keybind" category="Bartender4 "/>
	<Binding name="CLICK BT4Button94:Keybind" category="Bartender4 "/>
	<Binding name="CLICK BT4Button95:Keybind" category="Bartender4 "/>
	<Binding name="CLICK BT4Button96:Keybind" category="Bartender4 "/>
	<Binding name="CLICK BT4Button97:Keybind" header="BT4BLANK9" category="Bartender4 "/>
	<Binding name="CLICK BT4Button98:Keybind" category="Bartender4 "/>
	<Binding name="CLICK BT4Button99:Keybind" category="Bartender4 "/>
	<Binding name="CLICK BT4Button100:Keybind" category="Bartender4 "/>
	<Binding name="CLICK BT4Button101:Keybind" category="Bartender4 "/>
	<Binding name="CLICK BT4Button102:Keybind" category="Bartender4 "/>
	<Binding name="CLICK BT4Button103:Keybind" category="Bartender4 "/>
	<Binding name="CLICK BT4Button104:Keybind" category="Bartender4 "/>
	<Binding name="CLICK BT4Button105:Keybind" category="Bartender4 "/>
	<Binding name="CLICK BT4Button106:Keybind" category="Bartender4 "/>
	<Binding name="CLICK BT4Button107:Keybind" category="Bartender4 "/>
	<Binding name="CLICK BT4Button108:Keybind" category="Bartender4 "/>
	<Binding name="CLICK BT4Button109:Keybind" header="BT4BLANK10" category="Bartender4 "/>
	<Binding name="CLICK BT4Button110:Keybind" category="Bartender4 "/>
	<Binding name="CLICK BT4Button111:Keybind" category="Bartender4 "/>
	<Binding name="CLICK BT4Button112:Keybind" category="Bartender4 "/>
	<Binding name="CLICK BT4Button113:Keybind" category="Bartender4 "/>
	<Binding name="CLICK BT4Button114:Keybind" category="Bartender4 "/>
	<Binding name="CLICK BT4Button115:Keybind" category="Bartender4 "/>
	<Binding name="CLICK BT4Button116:Keybind" category="Bartender4 "/>
	<Binding name="CLICK BT4Button117:Keybind" category="Bartender4 "/>
	<Binding name="CLICK BT4Button118:Keybind" category="Bartender4 "/>
	<Binding name="CLICK BT4Button119:Keybind" category="Bartender4 "/>
	<Binding name="CLICK BT4Button120:Keybind" category="Bartender4 "/>
	<Binding name="CLICK BT4PetButton1:LeftButton" header="BT4PET" category="Bartender4 "/>
	<Binding name="CLICK BT4PetButton2:LeftButton" category="Bartender4 "/>
	<Binding name="CLICK BT4PetButton3:LeftButton" category="Bartender4 "/>
	<Binding name="CLICK BT4PetButton4:LeftButton" category="Bartender4 "/>
	<Binding name="CLICK BT4PetButton5:LeftButton" category="Bartender4 "/>
	<Binding name="CLICK BT4PetButton6:LeftButton" category="Bartender4 "/>
	<Binding name="CLICK BT4PetButton7:LeftButton" category="Bartender4 "/>
	<Binding name="CLICK BT4PetButton8:LeftButton" category="Bartender4 "/>
	<Binding name="CLICK BT4PetButton9:LeftButton" category="Bartender4 "/>
	<Binding name="CLICK BT4PetButton10:LeftButton" category="Bartender4 "/>
	<Binding name="CLICK BT4StanceButton1:LeftButton" header="BT4STANCE" category="Bartender4 "/>
	<Binding name="CLICK BT4StanceButton2:LeftButton" category="Bartender4 "/>
	<Binding name="CLICK BT4StanceButton3:LeftButton" category="Bartender4 "/>
	<Binding name="CLICK BT4StanceButton4:LeftButton" category="Bartender4 "/>
	<Binding name="CLICK BT4StanceButton5:LeftButton" category="Bartender4 "/>
	<Binding name="CLICK BT4StanceButton6:LeftButton" category="Bartender4 "/>
	<Binding name="CLICK BT4StanceButton7:LeftButton" category="Bartender4 "/>
	<Binding name="CLICK BT4StanceButton8:LeftButton" category="Bartender4 "/>
	<Binding name="CLICK BT4StanceButton9:LeftButton" category="Bartender4 "/>
	<Binding name="CLICK BT4StanceButton10:LeftButton" category="Bartender4 "/>
</Bindings>
